Actinobacteriota,Campilobacterota,Cyanobacteria,Desulfobacterota,Euryarchaeota,Firmicutes,Patescibacteria,Proteobacteria,Verrucomicrobiota,patient,etapas
0.374104,0.0,0.0,0.0854434,0.0,41.91,0.0,2.96974,0.028866,30,e1
2.09114,0.0,0.775696,0.0991805,0.115885,64.1969,0.00835204,1.28204,0.200449,31,e1
0.346274,0.0195084,2.5686,0.112173,0.0,42.1414,0.0,3.98784,0.26824,32,e1
0.882894,0.0,2.62642,0.0,0.0,49.3694,0.0,1.09212,0.0,34,e1
0.650224,0.0297319,0.0142196,0.0,0.0,53.9556,10.7203,1.45428,0.364539,35,e1
0.148718,0.0907756,0.0,0.164169,0.0,28.9729,0.413319,2.59387,0.260739,36,e1
2.23833,0.0,0.703821,0.102704,0.0,64.9388,0.0,4.28334,0.0362483,37,e1
0.0,0.0,0.0,0.0,0.0,52.4363,11.2468,1.10383,0.24782,40,e1
0.289874,0.0,1.10375,0.0,0.0,52.474,0.0,1.01902,0.0,41,e1
0.0,0.0,2.80859,0.110436,0.0,44.7091,0.0,8.48602,0.29617,42,e1
1.02511,0.0,1.35636,0.0671205,0.0,65.1531,0.0509942,1.15848,0.425387,43,e1
0.103712,0.0,0.0817122,0.0267136,0.0,30.5289,0.0,3.30934,2.00509,44,e1
15.8655,0.0,0.212576,0.112003,0.0,52.9704,0.0,3.0995,0.173718,46,e1
0.772606,0.0,0.500823,0.018549,0.00241943,58.1269,0.0,0.987935,0.248395,47,e1
0.0,0.0,4.85327,0.0577458,0.0,32.545,0.0,1.69038,0.0183737,48,e1
0.0,0.0,0.00553204,0.0,0.0,52.3359,10.3726,2.67336,1.68451,49,e1
1.32977,0.0,0.203303,0.101651,0.0103726,65.4116,0.00622355,1.92308,0.506182,50,e1
0.0,0.0,0.0,0.097229,0.0,51.6374,7.78716,1.37446,1.16233,52,e1
2.14044,0.0,0.245595,0.0412312,0.0,68.2054,0.00358532,1.65821,0.177473,53,e1
2.05945,0.0,0.262813,0.105843,0.0,52.2711,0.0,1.47193,0.0816246,58,e1
0.0,0.034156,0.00220361,0.0209343,0.0,52.2851,11.5701,1.38277,0.371309,61,e1
0.0,0.0,0.0,0.0150571,0.0,51.2034,11.9982,1.34935,0.389168,62,e1
3.1679,0.0,0.0999309,0.098063,0.00466967,46.5799,0.0,3.01007,0.171844,63,e1
0.790585,0.0,1.23679,0.12278,0.0,43.0569,0.0,5.5311,0.901386,64,e1
0.0,0.0101839,0.0,0.00630431,0.0,55.8038,10.6266,1.19297,0.438877,65,e1
0.959619,0.0,0.0456961,0.0884121,0.0,39.6593,0.0,8.08523,0.0536433,66,e1
0.217164,0.0907142,0.0,0.0288636,0.0,54.2031,8.61097,1.41569,0.380725,67,e1
3.51962,0.0,0.10849,0.0946133,0.0,37.5653,0.0,6.95976,0.100921,68,e1
2.89807,0.0,0.458384,0.166097,0.0,49.5734,0.0,1.38594,1.03649,69,e1
8.22787,0.0,0.220956,0.342372,0.00656304,53.305,0.0,4.73524,0.0667243,70,e1
0.0,0.0,0.0,0.0,0.0,52.737,11.8481,0.853016,0.377975,71,e1
0.0,0.0,0.0225284,0.0,0.0,51.5761,11.1723,1.37943,0.429772,73,e1
3.69078,0.0426734,0.607859,0.0360354,0.0,48.5225,0.0,5.4366,0.0170694,74,e1
4.73811,0.0,0.486303,0.111537,0.00892299,70.3199,0.0,2.06121,0.0936914,75,e1
2.74184,0.0,0.412498,0.0924932,0.0212628,57.1544,0.0,3.57215,0.344457,76,e1
0.172593,0.00817292,6.08017,0.0576912,0.0,61.5007,0.0754793,4.21098,1.45093,79,e1
0.220392,0.0,0.0,0.108746,0.0,44.9324,0.56693,5.84909,0.00869969,81,e1
1.50849,0.0,0.303657,0.176317,0.0771388,59.9405,0.0,2.88352,0.506912,84,e1
0.221046,0.0,3.99223,0.0318173,0.0,38.2058,0.205975,3.94534,0.457164,85,e1
0.833968,0.0,0.0647186,0.0532494,0.0,45.9625,0.247405,2.34789,0.0,87,e1
8.27479,0.0,0.967501,0.586781,0.0765366,60.6042,0.0,2.12144,0.205079,88,e1
6.7124,0.0,0.0554988,0.114698,0.0,62.9009,0.0436591,1.17731,0.0,90,e1
2.71147,0.0,0.180921,0.18562,0.0328947,57.0818,0.0,2.58929,0.451128,91,e1
1.97987,0.0,1.77437,0.558076,0.0125176,62.5515,0.0,2.32723,3.37036,92,e1
2.21426,0.0,0.135977,0.128251,0.0262682,57.9631,0.0,3.71772,0.262682,93,e1
4.56237,0.0,0.146789,0.387206,0.265014,60.4891,0.00158691,1.66467,2.05584,94,e1
1.97605,0.0,0.111685,0.318468,0.380392,57.1495,0.00663475,6.12166,0.287506,95,e1
6.9494,0.0,0.042569,0.204864,0.0301531,53.8853,0.00620799,8.24864,0.120612,96,e1
2.43603,0.0,0.0479082,0.271827,0.0208296,51.77,0.0,2.63912,0.0801941,99,e1
2.53525,0.0,0.188307,0.287818,0.0551141,59.5569,0.0,1.93206,0.1286,100,e1
3.3268,0.0,0.562731,0.0830258,0.00807196,60.0784,0.0,3.253,1.4518,101,e1
0.937169,0.0,0.41242,0.780565,0.0,63.7324,0.0245976,1.37337,3.46171,105,e1
2.807,0.0,0.0,0.0748534,0.0,71.1814,0.0977253,0.717345,0.095646,106,e1
0.235799,0.0,0.304887,0.0,0.0,39.4521,0.977742,1.38025,0.147187,107,e1
1.54502,0.0,0.0472873,0.0882091,0.0,54.7133,0.102759,2.10701,0.0,108,e1
5.80051,0.0,6.58659,0.0280136,0.0,62.601,0.057725,0.313243,0.12309,109,e1
0.215095,0.0,0.0,0.0,0.0,49.3557,0.137584,1.37971,0.0,110,e1
1.39184,0.0,0.0659292,0.115987,0.0,56.1522,0.0781384,1.32103,0.732547,111,e1
2.88795,0.0,3.34206,0.0,0.0,36.0423,0.0,0.753864,0.0201329,112,e1
0.0508539,0.0,1.22705,0.0,0.0,41.3458,0.0,3.00366,0.0902246,114,e1
0.109878,0.0,0.202705,0.111772,0.0378888,36.8204,0.00757777,1.53829,1.62733,115,e1
6.40203,0.0115283,0.0,0.426546,0.0,71.8672,0.0,2.50163,0.172924,116,e1
2.93381,0.0,0.749791,0.0925892,0.0508333,54.6313,0.0853273,3.88149,0.354018,118,e1
0.873612,0.0133522,0.862168,0.0190745,0.0,53.6699,0.10491,4.74764,0.293747,119,e1
8.87104,0.0,0.0,0.0249569,0.0226881,49.3693,0.0,1.35675,0.047645,120,e1
0.852166,0.0,0.0,0.238381,0.0150161,48.7874,0.0,1.87702,0.110744,121,e1
6.90635,0.0,0.0492959,0.202113,0.0,65.9102,0.0,1.09108,0.0443663,122,e1
3.79831,0.0,0.0,0.0300499,0.0,38.1183,0.138229,2.10049,0.0,124,e1
0.765032,0.0201324,0.0671081,0.035791,0.0,63.7862,0.0425018,3.00197,0.221457,125,e1
1.83997,0.0,0.400363,0.630359,0.164689,54.3699,0.0,19.9188,2.4249,126,e1
0.29994,0.0,0.29994,0.0,0.0,48.2903,0.0,0.209958,0.329934,127,e1
0.178644,0.0,1.65067,0.0428745,0.0,43.4843,0.0,12.2526,0.469238,128,e1
3.89972,0.0,0.0,0.0,0.0,46.329,0.0357773,6.36835,0.0229997,129,e1
1.66838,0.0,1.38689,0.0,0.0,57.2995,1.38983,3.32209,0.0469139,130,e1
0.0740934,0.0,1.87703,0.0150931,0.0,50.5962,0.185233,24.0159,1.4558,131,e1
0.255754,0.0,0.100296,0.0175518,0.0,46.9936,0.0,4.67379,0.0,132,e1
1.86356,0.0,0.0,0.244115,0.0239756,34.636,0.0152572,6.66521,0.0806452,133,e1
0.299428,0.0,0.0117423,0.0,0.0,55.3325,1.19771,8.69808,0.114487,135,e1
0.176342,0.0,0.450875,0.0120233,0.0220428,40.0978,0.0,0.348676,0.124241,136,e1
1.37396,0.0,0.0,0.104849,0.0,44.1547,0.0,1.01791,0.465269,137,e1
1.18145,0.0,0.0,0.0540094,0.0,54.1258,0.0,2.57388,0.081014,138,e1
4.3253,0.0,1.52915,0.536762,0.0811384,59.3871,0.0,3.86344,0.112346,139,e1
0.0,0.0,0.0,0.0,0.0,97.6053,0.575338,0.419841,0.0,140,e1
1.66694,0.0,0.0,0.0,0.0,97.1579,0.0,0.0,0.0,141,e1
0.0808571,0.0,0.0,0.0,0.0,96.8668,0.121286,0.970285,0.0,143,e1
1.24573,0.0,0.203947,0.0,0.8902,94.6423,0.126778,0.0220483,1.42211,144,e1
2.59204,0.0,13.2338,0.0,0.0881016,82.6486,0.0,0.357044,0.296763,145,e1
2.04269,0.0,0.183772,0.0,0.130761,96.784,0.0,0.763359,0.0565451,146,e1
1.10937,0.0,0.0,0.0612537,0.67379,96.3044,0.0,0.0,0.108895,147,e1
4.34307,0.0517717,0.0345145,0.0230097,0.0,93.2869,0.0,1.76599,0.207087,148,e1
0.0776599,0.0,0.0,0.0,0.0,98.2268,0.427129,0.854258,0.0,149,e1
0.649605,0.0,0.649605,0.0,0.0,80.1107,0.0,17.8053,0.553691,150,e1
0.568552,0.0,0.0,0.0,0.0,75.416,0.0,22.5763,0.0,151,e1
0.639089,0.0,0.0,0.0,0.0,74.2099,0.0,24.8083,0.0,152,e1
1.10457,0.0,0.0,0.0,0.0,98.74,0.0,0.00818197,0.0,153,e1
0.358794,0.0,4.20587,0.0,0.0,89.7345,0.0,3.91485,0.366768,154,e1
0.542481,0.0,3.95236,0.0,0.0,92.9518,0.0285516,1.48468,0.530244,155,e1
0.415316,0.0,12.0036,0.0,0.0,87.4088,0.0,0.0,0.060778,156,e1
1.9479,0.0,0.0,0.0,0.0241225,97.1656,0.0,0.0,0.168858,157,e1
1.05667,0.0,0.0,0.0,0.0,97.1461,0.0,0.135471,0.0,158,e1
0.383693,0.0,0.143885,0.0,0.0,97.554,0.0,1.91847,0.0,159,e1
0.362148,0.0,0.0314911,0.0,0.0,96.5517,0.0,2.42481,0.0,160,e1
1.40389,0.0,3.49172,0.0,0.0,95.1044,0.0,0.0,0.0,162,e1
2.75798,0.0,11.4872,0.0,0.448667,84.5012,0.0,0.171549,0.0527844,163,e1
3.91938,0.0,0.0536902,0.0,0.0,95.5065,0.01239,0.00826003,0.0,164,e1
4.9991,0.0,0.0,0.0,0.0,94.4036,0.0,0.173207,0.0,165,e1
0.083296,0.0,0.0,0.0,0.0,99.2696,0.0,0.0448517,0.0,166,e1
1.9338,0.0,0.0,0.0,0.0,96.0453,0.0,0.135889,0.0940767,167,e1
1.22264,0.0,0.0,0.0,0.0,97.8407,0.0,0.423979,0.492999,168,e1
2.04327,0.0,0.0,0.0,0.0,96.5345,0.0,0.0400641,0.0,169,e1
0.733689,0.0,0.0,0.0,0.0,86.2479,0.0,13.0002,0.0,170,e1
0.306641,0.0,0.0,0.102826,0.0771194,52.2098,0.0,16.1014,0.0752832,171,e1
0.413125,0.0,0.0,0.860678,0.0,46.0914,0.0,1.07154,7.6213,172,e1
0.125107,0.0,0.907641,0.16681,0.0,53.8869,0.0,2.84558,0.814424,173,e1
0.676867,0.0,0.0,0.0,0.0,63.6048,0.0,5.48237,0.0,174,e1
7.9025,0.0,0.0,0.122915,0.0,59.8048,0.0,2.59067,0.270413,175,e1
0.550794,0.0,1.20615,0.125096,0.0,73.3079,0.0,2.8548,0.126963,176,e1
0.0,0.0,0.0,0.172774,0.0,82.2967,0.0,1.90453,0.64288,177,e1
1.39535,0.0,0.0,0.147743,0.0,78.3475,0.0,2.43502,0.0,178,e1
1.46348,0.0,0.0,0.258987,0.0,67.4375,0.0,1.03389,0.0,179,e1
0.704787,0.0,0.0,0.163374,0.0,52.0783,0.0,2.36702,2.42021,180,e1
0.0338481,0.0,0.0232706,0.160779,0.0169241,61.4787,0.0105775,1.07468,0.0486567,182,e1
1.39236,0.0,0.604524,0.0429017,0.120905,75.6845,0.0,3.35608,1.53666,183,e1
0.622166,0.0105452,3.64336,0.160814,0.0,79.9404,0.0,5.70495,0.0922704,184,e1
0.223234,0.0,0.0415828,0.105051,0.0,69.2397,0.0,0.765998,0.164143,185,e1
0.668525,0.0,0.128479,0.0783938,0.156788,66.6826,0.0,1.3806,3.11833,186,e1
0.0961111,0.0,0.0,0.0,0.0,50.005,0.0129104,3.52455,0.0,187,e1
0.0,0.0,1.06279,0.0,0.0,49.9628,0.0,0.0200527,0.0,188,e1
0.237708,0.0,0.902873,0.241878,0.0,52.8713,0.0,3.28829,0.235623,189,e1
0.314863,0.0,0.0,0.826515,0.142931,58.3055,0.0,0.374935,0.739513,190,e1
1.01691,0.0,0.0,0.0176547,0.0,65.8204,0.0,1.68073,0.559655,191,e1
0.571731,0.0,0.0,0.105876,0.0,80.3092,0.0,1.24299,0.127051,192,e1
0.777501,0.0,0.0209569,0.0523922,0.0,73.2842,0.00628707,2.32412,0.0251483,193,e1
4.90772,0.0,0.0,0.127848,0.18971,79.468,0.0,0.826889,0.0721724,194,e1
1.44793,0.0,2.15854,0.0427434,0.0,77.0771,0.0,1.50849,1.34107,195,e1
2.39034,0.0,0.0221157,0.0221157,0.0,64.5411,0.0147438,0.868043,0.0,196,e1
3.32248,0.0,0.0,0.0,0.0,96.0333,0.0,0.0,0.159247,199,e1
0.983791,0.0,0.267029,0.0,0.0140542,96.5427,0.0,1.85515,0.3373,200,e1
0.20609,0.0,0.554312,0.0,0.0675123,92.9752,0.0,6.13296,0.0142131,201,e1
0.398286,0.0543117,0.0,0.0,0.0,99.5474,0.0,0.0,0.0,202,e1
0.0942729,0.0,0.0,0.0,0.196402,95.7263,0.0,3.58237,0.40066,204,e1
1.84387,0.0,0.0,0.0,0.0,97.9825,0.0,0.0,0.0957854,205,e1
0.519277,0.0,0.0,0.0,0.0,99.2652,0.0,0.215549,0.0,206,e1
1.14732,0.0,0.0,0.0,0.516701,98.2465,0.0,0.0,0.0,207,e1
0.286194,0.0,0.0,0.0,0.0,99.6703,0.0,0.0,0.0,208,e1
0.217951,1.4398,2.95225,0.0,0.0462321,94.3927,0.0,0.0594413,0.647249,209,e1
0.0,0.215054,0.0,0.0,0.0,99.7611,0.0,0.0,0.0,210,e1
0.147071,0.0,0.0,0.0,0.0133701,99.0962,0.0,0.0,0.0,211,e1
0.0,0.0,0.468289,0.0,0.0,99.267,0.0,0.0,0.0,212,e1
3.37888,0.0,0.0,0.0,0.0,92.0948,0.0,4.41677,0.109554,215,e1
4.51371,0.0,2.59821,0.0897281,0.0,63.0593,0.0,5.70749,0.035111,216,e1
0.514962,0.0,1.12724,0.0851512,0.0,49.923,0.0,2.16933,0.0,218,e1
0.346144,0.0,1.43607,0.0743782,0.0,50.0794,0.0,0.965486,1.05703,219,e1
2.05193,0.0,0.0462222,0.206349,0.0,63.4614,0.0,1.14895,0.45892,220,e1
0.90182,0.0,1.21839,0.0978881,0.0,77.6482,0.0,0.843504,0.0395718,221,e1
0.243002,0.0,0.279356,0.195167,0.0,62.9375,0.0,1.52689,0.0229608,222,e1
2.92889,0.0,0.45764,0.0,0.0,67.4561,0.0,0.846633,0.949602,224,e1
1.42949,0.0,0.0104125,0.0,0.0,49.9531,0.0,1.33429,0.0,225,e1
0.0992884,0.0,0.335098,0.0744663,0.0,64.161,0.0,3.04485,0.0,226,e1
0.878861,0.0,0.232391,0.221828,0.0,69.0265,0.0,12.5829,0.0,227,e1
0.979452,0.0,0.165283,0.0265268,0.0,66.4823,0.0,1.05087,0.0204052,228,e1
3.00387,0.0,0.0686956,0.174862,0.0,82.2287,0.0,3.03302,1.90266,229,e1
0.734055,0.0,0.0,0.0,0.0,59.4705,0.0,1.73285,0.0,230,e1
0.773224,0.0,0.0949304,0.0,0.0489963,98.6051,0.0,0.151582,0.303165,232,e1
1.05688,0.0,0.0,0.0,0.0,97.4822,0.0,1.08213,0.378747,233,e1
1.47557,0.0,0.199503,0.28608,0.0,63.5399,0.0,4.73538,1.6412,234,e1
1.55421,0.0,0.0328934,0.109645,0.0232995,66.1075,0.0,1.45416,0.116497,235,e1
0.774772,0.0,0.0,0.255465,0.0,78.164,0.0,3.43412,0.0,236,e1
5.0941,0.0,0.584962,0.173544,0.233386,82.5349,0.00299213,0.966458,0.400946,237,e1
0.0514752,0.0,0.0210581,0.0210581,0.0,54.5988,0.0,1.93734,0.208241,238,e1
0.164448,0.0,0.0,0.0,0.0,99.6398,0.0,0.0,0.0,239,e1
0.95885,0.0,0.0,0.071625,0.0,49.7401,0.0,0.406645,0.0531411,240,e1
1.84658,0.0,0.122439,0.0,0.0,48.1934,0.0,1.09695,0.0049975,241,e1
0.259143,0.0,0.537845,0.0,0.283591,94.2157,0.0,3.71602,0.836104,242,e1
0.370083,0.0,0.589391,0.0,0.0,98.1816,0.0,0.772148,0.0868095,243,e1
0.831639,0.0,0.0,0.443541,0.0,87.5809,0.0,1.62632,0.129366,244,e1
0.791035,0.0,3.66513,0.0,0.0,94.588,0.0,0.164799,0.0,245,e1
0.934315,0.0,3.7408,0.0,0.0,95.2895,0.0176954,0.0,0.0,246,e1
0.858017,0.0,0.109302,0.0,0.0,98.8414,0.0,0.169417,0.0,247,e1
1.8925,0.0,0.153798,0.0,0.020854,97.8911,0.0,0.0156405,0.0,248,e1
1.87562,0.0,0.0,0.0,0.398177,95.2952,0.0,1.46697,0.953529,249,e1
1.81486,0.0,0.0,0.0,0.0,98.0778,0.0,0.0,0.0,250,e1
0.744281,0.0,0.0365291,0.0,0.0228307,98.6165,0.00761023,0.347027,0.199388,251,e1
0.547835,0.0,0.0,0.0,0.0865002,98.7371,0.0,0.0,0.565135,252,e1
0.974111,0.0,0.0,0.0,0.0,98.9868,0.0,0.0,0.0,253,e1
0.0,0.0,1.1339,0.0,0.0,97.25,0.0,0.964341,0.59344,254,e1
0.157752,0.0,0.0,0.0,0.0,97.3922,0.0,2.39586,0.0,255,e1
0.910015,0.0,0.0,0.0,0.0,96.3137,0.0,2.53141,0.157058,256,e1
1.92102,0.0,0.107,0.0,0.0,95.7125,0.0,0.45786,1.79411,257,e1
0.375597,0.0,0.0260831,0.0,0.0,99.5331,0.0,0.0156499,0.0,258,e1
0.593127,0.0,0.389603,0.0,0.0,96.3366,0.0,2.44229,0.238414,259,e1
0.93523,0.0,0.336219,0.0,0.0,93.4611,0.0,5.01623,0.123667,260,e1
0.0,0.0,0.0,0.0,0.0,98.1515,0.0,0.0,1.83444,261,e1
1.84697,0.0,0.0673223,0.0,1.60403,93.4112,0.0,0.307341,2.40604,264,e1
0.57193,0.0584454,1.58637,0.0,0.0,88.6533,0.0,9.13,0.0,265,e1
0.0893017,0.0,0.0,0.0,0.0,99.738,0.0,0.101209,0.0,266,e1
0.428988,0.0,0.0,0.178219,0.0,46.6099,0.0,8.97879,0.0835896,30,e2
0.228828,0.00412303,4.94558,0.0824606,0.0,38.6782,0.0,2.10275,1.08436,32,e2
0.159513,0.0,1.06687,0.0165728,0.0,51.6552,0.0,4.36899,0.0,34,e2
2.10476,0.162733,0.366859,0.18428,0.0,48.3018,0.559077,7.07522,0.274436,35,e2
0.391888,0.232737,0.0941217,0.667408,0.0,34.9414,0.568153,10.1942,0.549328,36,e2
1.01944,0.00633192,0.0,0.246945,0.0,52.1655,0.0,12.1351,0.585703,37,e2
3.87005,0.0,0.0,0.0830992,0.0,69.0119,0.0,2.11309,0.130584,39,e2
0.0,0.0,0.0,0.0156994,0.0,51.9433,11.0388,1.98788,0.373815,40,e2
0.392499,0.043611,0.172021,0.0847991,0.0,45.0308,0.188981,2.73053,0.193827,41,e2
0.0339893,0.0,1.76744,0.0305904,0.0,44.7435,0.0,13.5991,1.45474,42,e2
1.29491,0.0,1.06823,0.0859496,0.0,70.1245,0.0982281,1.16174,0.431637,43,e2
0.0739927,0.0,0.311666,0.0,0.0,43.0436,0.0,3.14357,0.818404,44,e2
1.4788,0.0101653,0.0822902,0.403706,0.0769655,55.9893,0.0304958,5.44374,0.691238,47,e2
0.0,0.00636274,3.18455,0.0636274,0.0,39.3631,0.0,1.59068,0.0159068,48,e2
3.50903,0.0,0.466675,0.173507,0.035898,64.9755,0.0,2.02824,2.27354,49,e2
0.0366594,0.0416134,0.00891716,0.0,0.0,51.458,11.1544,0.951164,0.298229,52,e2
1.04606,0.0,0.124109,0.173753,0.0,55.2995,0.0,3.23747,0.570902,53,e2
3.48352,0.0,0.0,0.0,0.0,53.9976,0.0292862,1.48743,0.0,54,e2
0.0,0.0565439,0.00327791,0.0,0.0,51.6222,11.7554,1.4136,0.358112,55,e2
0.737496,0.0,0.732692,0.0872824,0.0,59.5907,0.00800756,1.73844,0.0728688,58,e2
1.04355,0.0,0.152508,0.0338906,0.0,46.964,4.4665,3.13771,0.570493,62,e2
2.74196,0.00155749,0.0794318,0.0404947,0.0,50.6448,0.0,2.4546,0.110582,63,e2
1.06563,0.00584228,0.28043,0.156573,0.00584228,52.2779,0.0,3.14899,0.384422,64,e2
1.02305,0.0,0.0968062,0.0751216,0.0061956,45.6282,0.0,3.14194,0.053437,65,e2
0.615504,0.0,0.087394,0.0749092,0.0,33.1536,0.00374546,13.3189,0.0162303,66,e2
0.0289664,0.0173798,0.0,0.00463462,0.0,54.2714,10.7836,1.40197,0.303567,67,e2
1.16237,0.00276536,2.95893,0.229525,0.00553072,43.1903,0.0,4.5905,0.0940222,68,e2
4.97139,0.00263734,0.251866,0.86241,0.00263734,56.7608,0.0,3.01712,0.185932,69,e2
7.46685,0.0,0.210947,0.484397,0.0,57.6365,0.0,1.82374,0.0691995,70,e2
0.0,0.0130562,0.0,0.0233146,0.0,51.8311,12.0536,1.10045,0.444842,71,e2
2.46148,0.0,0.11238,0.141381,0.0362516,60.7903,0.0,4.4952,0.714156,72,e2
0.0,0.0,0.0,0.0,0.0,55.0409,10.9858,1.13631,0.0,73,e2
3.3495,0.0,4.83941,0.0704146,0.00320067,52.038,0.0024005,2.30528,0.0784163,74,e2
0.0,0.0,1.10319,0.125399,0.0,64.6137,0.0,3.08418,0.276195,79,e2
12.1101,0.0,0.085574,0.139621,0.00990857,49.1708,0.0,6.355,0.805297,82,e2
2.12212,0.0,0.246806,0.211696,0.129083,60.7134,0.0,3.68144,0.344909,84,e2
1.96084,0.0,1.47867,0.0803624,0.0843806,66.4617,0.00301359,2.89606,0.118535,85,e2
8.39774,0.0,0.00299171,0.0388923,0.0,63.1291,0.116677,0.719008,5.1617,86,e2
4.52455,0.0,0.274087,0.321606,0.00763709,63.2215,0.0,3.26273,0.102676,88,e2
6.16202,0.0,0.151329,0.313544,0.0729426,64.8068,0.00217739,3.63189,0.266731,89,e2
1.40798,0.0,0.0,0.102728,0.0,40.0268,0.0443142,9.11865,0.122871,91,e2
0.44921,0.0,0.010032,0.146021,0.0,34.2715,0.156053,1.68983,0.605263,92,e2
6.32386,0.0,0.0506449,0.232966,0.0472686,63.2926,0.0,2.69768,0.307246,93,e2
1.04929,0.0,0.0122658,0.0479483,0.0111508,53.2103,0.334523,1.02921,0.566459,94,e2
1.34643,0.0,0.168177,0.397509,0.850058,62.995,0.0112118,4.78642,1.81631,95,e2
0.50288,0.0,0.0,0.0,0.0,56.2403,0.0,1.65493,0.0,97,e2
1.04733,0.0,0.905583,0.0,0.0,73.436,0.136016,0.762408,0.0,98,e2
1.90611,0.0,0.0,0.143836,0.0,52.4186,0.108726,0.439436,0.0,99,e2
7.33754,0.0,0.0,0.512156,0.0415261,61.9193,0.0,1.39553,0.0201339,100,e2
0.766097,0.0,1.45802,0.0232486,0.0,53.05,0.0553538,1.21668,4.03197,101,e2
3.47104,0.0,0.0,0.229336,0.0,60.7029,0.0123966,1.29389,0.0,102,e2
10.6419,0.00406613,0.134182,0.223637,0.269178,71.0004,0.00975872,0.91,3.78394,103,e2
0.423633,0.0,0.221026,0.298952,0.0,73.8467,0.0864267,0.381128,1.00312,105,e2
2.76292,0.0,0.0,0.110426,0.0,65.2301,0.0400862,5.13028,0.046137,106,e2
1.77931,0.0,0.904456,0.263115,0.0,50.4095,0.0,2.36474,0.272981,107,e2
11.4905,0.0,3.02177,0.146062,0.0,61.5346,0.0,0.785318,0.628823,109,e2
0.0281684,0.0140842,0.0,0.0,0.0,43.307,0.0,0.213275,0.0,113,e2
0.0406948,0.0,2.67846,0.0,0.0,41.923,0.0,7.51004,0.284863,114,e2
0.039984,0.0,0.412635,0.0671731,0.0079968,29.7481,0.022391,2.79248,1.46501,115,e2
1.97159,0.0,0.0,0.291452,0.0,66.7769,0.210629,1.9324,0.751898,116,e2
3.64789,0.0128357,0.0,0.0744468,0.0,62.7047,0.0,1.61986,0.187401,117,e2
1.73872,0.0,6.54062,0.0456057,0.0114014,45.3606,0.0,1.42138,0.298337,118,e2
3.47242,0.0,0.924054,0.0,0.0,61.9513,1.01068,2.07912,0.581143,119,e2
4.21349,0.0,0.0,0.0104294,0.0,52.228,0.0,0.73006,0.0,120,e2
0.389974,0.0,0.331072,0.087338,0.0487468,51.1415,0.0,1.41366,0.716984,121,e2
1.22621,0.0,2.54213,0.0791668,0.0,62.6755,0.00351853,6.18557,0.445093,122,e2
0.926893,0.0,0.0,0.187119,0.0,40.3242,0.317668,1.87119,0.0,123,e2
3.45794,0.0,0.0,0.0354496,0.0,52.3413,0.0209475,1.07477,0.0128908,124,e2
2.06847,0.0101895,0.782556,0.269003,0.148767,65.1213,1.03118,15.4657,1.56715,125,e2
0.186358,0.0,0.290125,0.139768,0.0952966,59.3931,0.0,1.71957,0.317655,126,e2
0.132612,0.0,0.136693,0.042844,0.0,40.0918,0.010201,2.69713,0.255024,127,e2
0.122625,0.0,0.981003,0.0253036,0.0,49.2973,0.0116786,10.2363,0.424323,128,e2
10.406,0.0,0.0,0.116309,0.0,46.0982,0.0,2.308,0.0,129,e2
0.283688,0.0,0.250443,0.203901,0.0,34.559,0.0,5.56959,0.0,130,e2
1.13092,0.0,0.143774,0.0963434,0.0,54.5141,0.0,5.35225,0.146738,131,e2
1.09837,0.0,0.339202,0.0,0.0,96.3172,0.0,2.16982,0.0,132,e2
1.31069,0.00881627,0.0,0.287998,0.0,27.1159,0.0235101,4.0981,0.0411426,133,e2
1.71736,0.0,0.0,0.0644287,0.0,36.1223,0.00888672,3.1259,0.0,135,e2
0.126372,0.0,2.93549,0.0,0.0,40.0874,0.0213158,0.266447,0.182707,136,e2
2.37028,0.0,0.0,0.0761771,0.0,33.9955,0.0,0.78228,0.125985,137,e2
0.636415,0.0,0.0,0.0312735,0.0,56.4298,0.0,1.64029,0.0531649,138,e2
4.08476,0.0,0.43487,0.419788,0.138253,56.2114,0.0,5.91976,0.0728973,139,e2
0.0,0.0,0.0,0.0,0.0,98.467,0.314226,0.466578,0.0,141,e2
0.240192,0.0,8.4601,0.0,0.0,86.1222,0.0,3.38938,0.0,143,e2
0.473166,0.0,2.43403,0.0,0.0,94.4328,0.0,1.44081,0.58826,144,e2
4.40723,0.0,0.0,0.0,0.0,95.4782,0.0,0.0176289,0.0,145,e2
2.00413,0.0,0.0516826,0.0,0.103365,97.3068,0.0,0.034455,0.0,146,e2
11.6621,0.0,0.0116234,0.0,0.0,84.9864,0.0503681,1.98373,0.197598,148,e2
0.0,0.0,0.0,0.0,0.0,91.9394,0.0394353,7.51637,0.0,149,e2
1.30062,0.0233645,2.66355,0.0,0.0,79.2835,0.0,15.7788,0.646417,150,e2
0.722299,0.0,0.0,0.0,0.0,71.5332,0.6096,21.71,0.0,151,e2
0.106741,0.0,13.8763,0.0,0.0,84.0053,0.0,1.71607,0.0903194,152,e2
0.050338,0.0,1.16496,0.0,0.0,97.5622,0.0,0.704732,0.467424,153,e2
1.30324,0.0,0.0,0.0,0.0,97.5391,0.0509647,0.371314,0.0,155,e2
0.518135,0.0,12.5704,0.0,0.0,86.1343,0.075092,0.251558,0.093865,156,e2
1.67415,0.0,0.0,0.0,0.0213721,96.5876,0.0,0.0926124,0.185225,157,e2
0.0886394,0.0,0.0,0.0,0.0,99.446,0.0,0.0332398,0.0,158,e2
0.903597,0.0,0.057554,0.0,0.0690648,97.7784,0.0,0.0,0.0805755,159,e2
0.970104,0.0,0.207444,0.0,0.0610128,98.0415,0.0,0.0122026,0.280659,160,e2
2.30941,0.0,0.0,0.0,0.0589136,95.8171,0.176741,0.147284,0.400613,163,e2
4.63657,0.0,0.169803,0.0,0.0,93.7456,0.0,0.198104,0.0,164,e2
1.4051,0.0,5.01277,0.0172616,0.169164,91.169,0.0,1.31188,0.894152,165,e2
3.30267,0.0,0.436424,0.0,0.0,95.8776,0.0,0.0117952,0.0,166,e2
0.635792,0.0,0.0,0.0,0.0,98.6763,0.0,0.159817,0.0,167,e2
0.884996,0.0,1.5903,0.0,0.0,94.4205,0.0,0.49416,1.81941,168,e2
1.8992,0.0,0.0,0.0,0.0182615,96.9503,0.0,0.0,0.0,169,e2
3.67484,0.0,1.24446,0.0,0.0,90.3216,0.0,4.71291,0.0,170,e2
0.543251,0.0,0.0,0.155215,0.0616879,45.0222,0.00397986,4.83354,0.0477583,171,e2
0.133264,0.0,0.0,0.33429,0.0,51.3405,0.0,3.40162,1.17905,172,e2
0.255665,0.0,0.198015,0.458693,0.0,59.7504,0.0200521,1.75957,2.64187,173,e2
0.474674,0.0,0.0,0.159207,0.0,58.9716,0.0,5.37473,0.0,174,e2
17.095,0.0,0.0,0.0,0.0,66.5368,0.062436,9.25302,0.0774206,175,e2
0.494006,0.0,0.966718,0.0276814,0.0,53.4825,0.0,1.5821,0.134148,176,e2
2.45593,0.0,0.299891,0.74064,0.0,65.5898,0.0,2.08333,0.72928,180,e2
0.666463,0.0,1.55429,0.600523,0.146009,75.4115,0.0,1.55194,1.33057,181,e2
1.39454,0.0,1.10788,0.0600426,0.0,67.3078,0.0,2.1441,0.0658532,183,e2
0.44662,0.0,3.7565,0.134598,0.0,73.8575,0.0,3.76058,0.432344,184,e2
0.303351,0.0,0.346984,0.0706435,0.0,65.4034,0.0,2.62212,0.058177,185,e2
1.77967,0.0,0.150519,0.115103,0.128384,65.2124,0.0,3.83602,1.43657,186,e2
1.14106,0.0,0.0,0.0615998,0.0,65.3222,0.0,0.337332,0.0,187,e2
0.0360791,0.0,2.92917,0.0,0.0,57.9205,0.0,0.0,0.0,188,e2
7.74667,0.0,0.0,0.0,0.0,79.0511,0.0,1.53951,0.0,189,e2
0.197979,0.0,0.0,0.616957,2.3251,56.3296,0.0,2.17777,1.47563,190,e2
0.588165,0.0,0.00854891,0.0359054,0.0,67.0371,0.0,1.89957,0.230821,191,e2
1.18056,0.0,0.0,0.103928,0.0,83.4235,0.0,4.06619,1.01168,192,e2
0.148566,0.0,0.628547,0.0685688,0.0,52.0933,0.0,2.96751,0.137138,193,e2
6.1018,0.0,0.0,0.0347681,0.0347681,62.9824,0.0,2.61282,0.0,194,e2
3.29976,0.0,0.0,0.00970042,0.0,64.275,0.0,0.798668,0.0,196,e2
2.08462,0.0,0.149301,0.00933132,0.0690518,75.7778,0.0,1.26346,1.58259,197,e2
0.0709785,0.0,0.076172,0.141957,0.0,65.456,0.0,0.801537,0.121183,198,e2
1.4617,0.0,0.0,0.0,0.0,98.1137,0.0,0.0,0.0,199,e2
0.302976,0.0,0.0,0.0,0.0,99.697,0.0,0.0,0.0,201,e2
0.371226,0.0,0.0,0.0,0.0,99.6081,0.0,0.0,0.0,202,e2
0.121194,0.0,0.0,0.0,0.712013,87.8541,0.0,5.45751,5.35525,203,e2
0.0602198,0.0,0.0,0.0,0.200733,96.7582,0.0,1.85678,1.11407,204,e2
2.15301,0.0,0.0,0.0,0.0,97.847,0.0,0.0,0.0,205,e2
0.416849,0.0,0.0,0.0,0.0,99.4515,0.0,0.0877578,0.0,206,e2
0.612153,0.0,0.0,0.0,0.119445,99.1888,0.0,0.0,0.0,207,e2
1.33887,0.0,0.0,0.0,0.169408,98.1802,0.0,0.262309,0.049183,208,e2
0.319864,0.261222,2.36166,0.0,0.0,96.812,0.0,0.0639727,0.0479795,209,e2
0.0604625,0.38041,0.176349,0.0,0.0,98.8638,0.0,0.0,0.0,210,e2
0.692148,0.0,0.0,0.0,0.0,98.8141,0.0,0.0,0.0,211,e2
1.26432,0.0,2.80731,0.0,0.0,95.3298,0.0,0.0,0.273506,212,e2
1.03945,0.0,0.0,0.0,0.0,97.8913,0.0,0.587884,0.0,214,e2
1.54445,0.0,0.127093,0.265237,0.0,49.7348,0.0,1.42289,0.0524949,215,e2
6.87993,0.0,0.423539,0.0,0.0,82.1184,0.0,1.19486,0.320237,216,e2
0.285263,0.0,0.0,0.0,0.0,63.471,0.0,6.85401,0.0,217,e2
0.287414,0.0,0.315821,0.0685115,0.0,48.2655,0.0,6.024,0.116971,218,e2
0.587205,0.0,0.588465,0.0882068,0.0,47.4275,0.0,1.01186,0.357867,219,e2
4.98879,0.0,0.0,0.315681,0.0,86.8656,0.0,1.2679,0.317406,220,e2
1.6532,0.0,1.26773,0.146356,0.00412269,82.2003,0.0,4.85859,0.127803,221,e2
0.430947,0.0,0.0481647,0.195194,0.0,65.0553,0.0,1.95954,0.0,222,e2
0.568427,0.0,0.0177633,0.340041,0.0,65.5594,0.0,18.55,0.0,223,e2
1.58335,0.0,0.929654,0.0,0.0,63.6146,0.0,3.17801,0.266908,224,e2
0.758949,0.0,0.825714,0.0,0.0,61.0197,0.0,1.43206,0.179859,225,e2
0.601064,0.0,0.748867,0.114958,0.0,78.0858,0.0,2.41739,0.239769,226,e2
0.650508,0.0,0.0,0.091553,0.0,72.7606,0.0,1.27692,0.0,227,e2
1.61005,0.0,0.0,0.0332593,0.0332593,64.6515,0.0,1.604,0.0483771,228,e2
0.994914,0.0,0.0,0.0389073,0.0,76.5778,0.0,2.15379,0.0889309,229,e2
0.536177,0.0,4.0155,0.1457,0.0,54.9057,0.0,1.34336,0.489553,231,e2
1.02363,0.0,0.141379,0.0,0.161106,98.2585,0.00767174,0.128228,0.232344,232,e2
0.523738,0.0,0.0,0.0,0.0,98.3744,0.0,0.22786,0.333288,233,e2
1.31023,0.0,0.0,0.200872,0.0,67.3378,0.0,3.96722,0.885663,234,e2
1.88655,0.0,0.0,0.0325828,0.0146623,75.0709,0.0,0.897657,0.158027,235,e2
1.17478,0.0,0.0,0.290098,0.0,85.6845,0.0,0.997363,0.0,236,e2
5.38827,0.0,0.031816,0.063632,0.145445,83.5943,0.0,3.14524,0.170443,237,e2
0.0927961,0.0,0.0,0.0667481,0.011396,43.5637,0.0,4.54375,0.128612,238,e2
2.64681,0.0,0.0,0.17235,0.0,40.8778,0.0123107,0.966392,0.264681,239,e2
4.08926,0.0,0.0,0.123643,0.0,77.5814,0.0,0.759952,0.787093,240,e2
2.2438,0.0,1.32902,0.0,0.0,92.9407,0.0,3.21036,0.151025,241,e2
1.06886,0.0,0.0,0.0,0.403548,97.0443,0.0,0.803461,0.599869,242,e2
0.824499,0.0,0.667452,0.0,0.0,98.2528,0.0,0.255202,0.0,244,e2
0.64,0.0,0.0,0.0,0.0,96.4267,0.0,0.0,0.426667,245,e2
3.04419,0.0,0.392799,0.0,0.0,96.563,0.0,0.0,0.0,246,e2
0.0,0.0,0.0,0.0,0.0,98.5752,0.0,1.42476,0.0,248,e2
0.678689,0.0,0.0,0.0,0.0,98.4293,0.0,0.659298,0.232693,249,e2
0.524418,0.0,0.0,0.0,0.0,99.2134,0.0,0.0,0.0,250,e2
0.651719,0.0,0.0101303,0.0,0.0641588,99.1052,0.0,0.168839,0.0,251,e2
1.11598,0.0,0.0,0.0,0.187326,98.5492,0.0239139,0.0,0.0518135,252,e2
1.28164,0.0,0.0,0.0,0.0,98.4455,0.0,0.00422985,0.0,253,e2
0.0,0.0,0.629135,0.0,0.0,96.2469,0.0,0.0,3.10771,254,e2
0.146742,0.0,0.0,0.0,0.0,96.4163,0.0,3.30169,0.0,255,e2
0.294937,0.0,0.0,0.0,0.0,93.663,0.0,5.22284,0.745535,256,e2
0.770732,0.0,0.0,0.0,0.0,97.6878,0.0,1.54146,0.0,259,e2
0.509683,0.0,0.669331,0.0,0.0,96.7872,0.0,1.92271,0.0208236,260,e2
0.0626763,0.0,0.0,0.0,0.0,99.0337,0.0,0.0,0.903583,261,e2
0.66687,0.0217931,0.0,0.0,0.0,80.6259,0.0784553,5.27394,13.2546,262,e2
1.29475,0.0,0.0288434,0.0,0.0,95.5902,0.0,1.69214,1.3941,263,e2
2.14458,0.0,0.0,0.0,1.48712,93.369,0.0187846,0.106446,2.0757,264,e2
0.349768,0.0,0.0927097,0.0,0.0,98.1395,0.0,0.918668,0.499368,265,e2
0.107888,0.0,0.0,0.0,0.0,99.3766,0.0,0.473508,0.0,266,e2
0.178225,0.0,0.0,0.107392,0.0,43.3588,0.00685479,12.197,0.0411288,30,e3
0.0571611,0.0228645,0.745381,0.0,0.0,28.6835,0.0,3.41138,0.498445,32,e3
0.0256573,0.0,5.72841,0.0,0.0,43.229,0.0,5.02198,0.0,34,e3
0.0,0.0,0.0,0.0,0.0,55.6519,11.029,1.24941,0.274709,35,e3
0.323371,0.253342,0.0700295,0.327491,0.0,34.0899,0.521102,2.37276,0.370744,36,e3
3.27963,0.0,0.0,0.0784456,0.0,68.6821,0.0,1.72882,0.0,37,e3
7.26446,0.0,0.071475,0.337882,0.0,63.5608,0.0,5.09747,2.47238,39,e3
1.82744,0.0,0.0964379,0.0952172,0.0,69.5757,0.0,4.88415,0.231939,40,e3
0.12628,0.06314,0.148242,0.0960826,0.0,33.7826,0.32119,2.4954,0.0823565,41,e3
0.100681,0.0,0.802798,0.0900829,0.0,46.2178,0.0,13.4065,0.362981,42,e3
1.55618,0.0,2.38233,0.0734561,0.00272059,70.6584,0.00272059,1.23878,0.158701,43,e3
0.12075,0.0,0.170071,0.0170071,0.0,55.0826,0.0,6.2416,1.98643,44,e3
0.0,0.00487424,0.0,0.0,0.0,53.083,11.1108,1.05771,0.354601,47,e3
0.208216,0.00771169,0.467842,0.285332,0.0,52.9099,0.0,4.56275,0.0128528,48,e3
0.0,0.0498766,0.0,0.0,0.0,51.6023,11.6595,1.31923,0.275152,49,e3
2.60149,0.00307383,0.370909,0.145495,0.0,67.3231,0.0,4.67837,0.0809443,52,e3
1.45866,0.0,0.0690039,0.205095,0.0,56.6234,0.0,4.04631,0.939219,53,e3
3.01124,0.0,0.0,0.0,0.0,48.5342,0.0826316,2.08201,0.0,54,e3
0.0418614,0.0219274,0.0029901,0.0,0.0019934,55.1843,9.96801,1.30568,0.455492,55,e3
0.919458,0.0,0.716354,0.0699886,0.0,62.305,0.0,1.1953,0.192126,58,e3
0.0,0.0,0.0106838,0.0,0.0,54.5584,11.5385,0.445157,0.345442,61,e3
2.5235,0.0,0.0389897,0.045488,0.0,54.0744,0.00649829,3.09102,1.21085,62,e3
2.36488,0.0334896,0.0,0.0,0.0,57.1809,0.646607,1.6397,0.0257612,63,e3
1.0396,0.0,0.314851,0.0,0.0,45.0891,0.0,3.56832,0.0693069,65,e3
0.857342,0.0,0.111578,0.0371928,0.0,37.848,0.0,5.37102,0.064849,66,e3
1.04373,0.0,0.177413,0.0850755,0.00622504,48.7783,0.0,7.45137,0.222026,67,e3
1.25724,0.00490473,0.206816,0.30818,0.00572218,46.3456,0.00326982,3.01314,0.351505,68,e3
1.71343,0.0,3.14942,0.0507971,0.0,63.092,0.0,2.53986,0.359487,69,e3
1.89239,0.0,0.229419,0.300399,0.00380252,53.2112,0.0,4.60866,0.0975981,70,e3
0.0,0.044497,0.0,0.0,0.0,54.5341,11.2719,1.08108,0.295298,71,e3
1.61806,0.0,0.356328,0.091301,0.0,55.5922,0.0,4.95942,0.990363,72,e3
0.0,0.00243795,0.0,0.0,0.0,50.3047,11.9472,1.37379,0.394949,73,e3
2.40827,0.0,2.42902,0.0,0.0,55.7677,0.109691,2.35688,0.0,74,e3
3.32188,0.0,0.622348,0.0929481,0.0,69.6626,0.0,2.80865,0.202061,75,e3
3.10523,0.0,0.0751162,0.0789356,0.0432873,68.9554,0.00254631,2.76402,0.33484,76,e3
3.00779,0.0,0.0,0.0373953,0.0,53.9786,2.06078,1.31288,0.0,78,e3
0.914427,0.00388704,1.01063,0.148679,0.0048588,67.5276,0.0,4.9657,0.188522,79,e3
4.64298,0.0,0.0512759,0.236271,0.0,58.3952,0.0,2.76085,0.460477,82,e3
1.95454,0.0,0.150641,0.285176,0.208434,59.7684,0.00378971,3.72718,0.799629,84,e3
3.36887,0.0,0.159486,0.109237,0.0917592,66.9405,0.00436948,2.81395,2.00341,85,e3
5.81399,0.0,0.0,0.0,0.0,48.0674,0.0792416,0.663282,1.62005,86,e3
0.0,0.0,0.0,0.0,0.0,43.6324,0.0,1.07338,0.0,87,e3
11.9454,0.00193588,0.120025,0.241018,0.153903,62.1815,0.00967942,2.26014,0.181005,88,e3
3.47364,0.0,0.490973,0.192462,0.0328952,55.6077,0.0525342,4.97896,0.480663,89,e3
1.67394,0.0,0.0148136,0.445397,0.0632049,61.8124,0.00197515,1.2957,0.911533,91,e3
15.1842,0.0,0.0,0.140427,0.0,49.0547,0.0345185,11.0318,0.254966,92,e3
5.48773,0.0,0.108865,0.153347,0.0316059,61.7322,0.00351177,2.92882,0.097159,93,e3
1.68038,0.0,0.38457,0.448448,0.149917,62.9887,0.0,3.60583,0.885163,95,e3
9.09502,0.0,0.365939,0.158299,0.0185025,55.8304,0.0,6.67736,0.359771,96,e3
7.21214,0.0,0.280842,0.10423,0.00868583,59.9438,0.0,1.92246,0.269261,98,e3
1.18221,0.0,0.0,0.303652,0.0781364,62.3732,0.0177872,0.492323,0.700687,99,e3
1.31655,0.0,6.14917,0.288085,0.0432127,46.9204,0.0676999,2.22546,0.180053,100,e3
3.76178,0.0,0.136537,0.100395,0.0,58.5908,0.0240947,0.677161,2.91546,101,e3
8.67147,0.0,0.0,0.144852,0.0,68.2702,0.0,0.885209,0.0,102,e3
7.55779,0.0,1.14984,0.101809,0.0179662,67.4033,0.0,0.928255,0.294946,103,e3
2.43525,0.0,0.0,0.813362,0.0,65.1489,0.0,0.716534,0.549504,105,e3
2.44663,0.0,0.0,0.113231,0.0,71.5609,0.0680778,1.43658,0.00833605,106,e3
1.16595,0.0,0.812283,0.161019,0.0,50.4248,0.0,2.12919,1.64038,107,e3
2.54486,0.0,2.1314,0.0785578,0.0,66.9809,0.0,0.229472,0.297693,109,e3
0.528955,0.0,0.0194419,0.0730749,0.0,58.5377,0.00469288,3.4848,0.0388839,110,e3
0.0,0.0231139,0.0,0.0,0.0,54.9348,0.0,0.573225,0.0,113,e3
0.0552327,0.0,3.75582,0.0,0.0,51.7458,0.01681,7.90548,0.0864512,114,e3
0.297439,0.0,0.0,0.0679335,0.0,22.6971,0.0238685,0.0348848,0.00918021,115,e3
3.20136,0.0,0.0,0.285589,0.016122,53.8935,0.0230314,0.838343,0.0437596,116,e3
2.36937,0.0,0.0406759,0.0915208,0.0610138,52.0296,0.0949104,3.25238,0.286426,118,e3
1.27587,0.0,0.0986736,0.0688421,0.0,58.6512,0.0963789,2.77663,2.67107,119,e3
4.83202,0.0,0.0,0.154985,0.079992,65.5784,0.0,1.68483,0.079992,120,e3
2.18936,0.0,0.0598287,0.177617,0.0616984,49.4503,0.0,2.66986,0.207531,121,e3
1.55371,0.0,0.902317,0.177422,0.0,50.4613,0.0,2.82101,2.42561,122,e3
2.08888,0.0,0.0,0.243866,0.0,50.4064,0.174894,2.42142,0.0443393,123,e3
1.27208,0.0,0.121555,0.0339223,0.0,64.8141,0.0621908,2.03816,0.545583,124,e3
1.98035,0.0,0.476045,0.327519,0.29134,60.6729,0.0,24.6115,2.83533,125,e3
0.0284327,0.0,1.67753,0.0385873,0.0,48.683,0.0,7.19145,1.4257,126,e3
0.0201924,0.0,1.0757,0.0238637,0.0,33.9581,0.011014,1.0702,0.379984,127,e3
0.0574185,0.0,0.748737,0.0,0.0,25.944,0.0321543,15.0345,0.0689022,128,e3
4.54484,0.0,0.0,0.0,0.0,57.2973,0.0268528,1.09761,0.0,129,e3
2.20317,0.0,0.0312064,0.208043,0.0,45.8215,0.0,1.81621,0.0624129,130,e3
1.31863,0.0,0.138966,0.0339695,0.0,48.0792,0.0,1.99494,0.225434,131,e3
0.0833565,0.0,0.158164,0.0,0.0,36.9226,0.0940432,2.45367,0.0,132,e3
0.602981,0.0,0.44162,0.0665261,0.0,25.6734,0.0,4.20105,0.082096,135,e3
0.0681543,0.0,1.53221,0.0,0.0,33.903,0.0,0.661349,0.0555331,136,e3
3.35958,0.0,0.0,0.191226,0.0,58.3727,0.0,0.513686,1.33483,137,e3
3.39489,0.0,0.0,0.0,0.0,64.7143,0.246753,4.60425,0.0,138,e3
1.67632,0.00945738,2.44,0.191512,0.0283721,72.1929,0.0165504,2.04989,0.0331008,139,e3
0.0,0.0,0.0,0.0,0.0,97.9211,0.158898,0.331038,0.0,141,e3
0.0661876,0.0378215,25.0756,0.0,0.0,73.3453,0.0,0.151286,0.0,143,e3
0.328573,0.0,29.4326,0.0,0.0,50.4486,0.0,18.8045,0.732971,144,e3
1.08411,0.0,0.0,0.0,0.135514,96.2418,0.0,2.44828,0.0903424,146,e3
5.20019,0.0,0.333651,0.0,0.0,94.2135,0.0,0.104862,0.114395,148,e3
0.0,0.0,0.0,0.0,0.0,87.2543,0.136213,12.6095,0.0,149,e3
0.753174,0.0,3.89499,0.0,0.0,85.4207,0.0,8.99505,0.441145,150,e3
0.3973,0.0,0.0,0.0,0.0,98.4922,0.430808,0.0,0.0,151,e3
1.35825,0.0,5.59737,0.0,0.92136,85.8335,0.0,3.90605,0.337399,152,e3
0.733333,0.0,0.633333,0.0,0.0,96.6389,0.0,1.3,0.566667,153,e3
0.793484,0.0772418,0.0,0.0,0.0,98.2515,0.231725,0.0561758,0.0,155,e3
0.0,0.0,0.0,0.0,0.0,99.7673,0.0,0.0,0.232739,156,e3
0.45977,0.0,0.0,0.0,0.0,97.5026,0.0,0.104493,0.940439,157,e3
1.05841,0.0,0.0,0.0,0.0,98.5172,0.0,0.0,0.0,158,e3
1.13945,0.0,0.0971125,0.0,0.15538,98.3491,0.0,0.0,0.0,160,e3
3.08956,0.0,0.0480866,0.0,0.532959,93.336,0.0280505,2.80505,0.132238,163,e3
0.555881,0.0,0.25356,0.0,0.0,99.1028,0.0,0.0,0.0487615,164,e3
0.357462,0.0,10.0089,0.0,0.0,89.2634,0.0,0.0,0.0,166,e3
0.869418,0.0,0.0,0.0,0.0,98.8652,0.0,0.0508101,0.0,167,e3
2.48806,0.0,0.0,0.0,0.0,96.0606,0.0,0.238753,0.427243,168,e3
1.85543,0.0,0.0,0.0,0.0,97.7438,0.0,0.0,0.0,169,e3
0.629656,0.0,0.0,0.113125,0.0,72.7071,0.0,1.22516,0.452498,170,e3
0.592381,0.0,0.709452,0.0608771,0.0561942,48.327,0.0,5.7365,0.0468285,171,e3
0.437735,0.0,0.0,0.268845,0.0,57.4846,0.0,6.47985,3.25371,172,e3
0.0,0.0,0.24101,0.22747,0.0,52.4345,0.0,2.56445,0.20039,173,e3
2.9484,0.0,0.0102375,0.110565,0.0,77.4365,0.0,5.08804,0.0,174,e3
6.21708,0.015111,0.0,0.088507,0.0,71.0733,0.0,2.97686,0.0561264,175,e3
0.522981,0.0,0.354188,0.0691773,0.0,59.2407,0.0166026,3.74111,0.0913141,176,e3
0.134799,0.0,0.0,0.0958572,0.0,63.0471,0.0,3.17826,0.305545,177,e3
1.92991,0.0,0.0,0.238588,0.0,60.1214,0.00530195,0.310164,0.0,178,e3
0.8005,0.0,0.0,0.094702,0.0,66.4594,0.0,1.75109,0.0714732,180,e3
0.456822,0.0,0.573624,0.293301,0.33483,77.3665,0.0,2.4087,0.532094,181,e3
2.21774,0.0,0.135378,0.0,0.029537,64.5827,0.0,3.4706,1.37839,183,e3
0.416844,0.0,0.429813,0.072253,0.0,58.7454,0.0092632,2.70671,0.0222317,185,e3
1.2628,0.0,0.065657,0.142257,0.273571,65.0967,0.0,3.13841,2.69631,186,e3
0.993702,0.0,0.0,0.0,0.0,66.6369,0.0,0.878206,0.0,187,e3
0.0189555,0.0,10.2518,0.0,0.0,52.8165,0.0,0.0315926,0.0442296,188,e3
6.6894,0.0,0.0,0.0,0.0,64.4735,0.0,3.63296,0.0,189,e3
0.531892,0.0,0.0,0.343914,1.44401,74.3431,0.0,0.407998,0.773273,190,e3
0.296226,0.0,0.0,0.0124291,0.0,68.6705,0.0,1.66756,0.381158,191,e3
0.619685,0.0,0.0,0.0,0.0,74.9305,0.0,0.224369,0.0363263,192,e3
0.0897291,0.0,0.0,0.112683,0.0,81.7871,0.0,2.9235,0.452819,193,e3
5.23863,0.0082498,0.0,0.177371,0.115497,71.8393,0.0,2.60694,0.0577486,194,e3
1.37017,0.0,0.0256586,0.0256586,0.0,61.8457,0.00684229,0.858707,0.0,196,e3
1.98133,0.0,0.22087,0.0,0.0,72.3025,0.0,3.4603,3.46463,197,e3
0.0998776,0.0,0.0,0.0805464,0.0,71.8184,0.0,1.09221,0.109543,198,e3
0.573033,0.0,0.0,0.0,0.0,98.8199,0.0,0.0368784,0.0453888,199,e3
0.203099,0.0,3.44107,0.0,0.0870423,95.6653,0.0,0.586085,0.0,200,e3
0.947196,0.0,0.113286,0.0,0.0,97.7783,0.0,0.0,0.96293,201,e3
0.118157,0.0,0.648072,0.0,0.0,99.1872,0.0,0.0,0.0,202,e3
0.488732,0.0,0.0,0.0,0.724047,98.027,0.0,0.122183,0.638067,203,e3
0.18336,0.0,0.0,0.0,0.0,98.7623,0.0,1.02567,0.02865,204,e3
0.812434,0.0,0.0,0.0,0.0,98.9403,0.0,0.0,0.247262,205,e3
0.40448,0.0,0.0,0.0,0.0,99.5255,0.0,0.0466708,0.0,206,e3
0.57607,0.0,0.0,0.0,0.148872,99.1844,0.0,0.0,0.0582543,207,e3
1.56736,0.0,0.0429415,0.0,0.161031,97.767,0.0,0.0966184,0.27912,208,e3
0.0376648,0.20339,2.68927,0.0,0.0,96.8814,0.0,0.0,0.0,209,e3
0.0,0.318329,0.502363,0.0,0.0,98.6222,0.0,0.0,0.0596866,210,e3
0.463173,0.0,0.0,0.0,0.0,99.2756,0.0,0.0,0.0,211,e3
3.29903,0.0,7.06967,0.0415096,0.0,146.3878,0.011092,1.68633,0.0259435,212,e3
1.23598,0.0,0.0,0.0,0.0,98.232,0.0,0.306949,0.159614,214,e3
0.731809,0.0,0.293165,0.277735,0.0,49.2098,0.0,1.25422,0.00881698,215,e3
1.50514,0.0,3.70759,0.0,0.0,62.1985,0.0,1.94167,0.0,216,e3
0.980135,0.0,0.049793,0.0,0.0,56.4154,0.0,1.40993,0.285654,217,e3
0.662166,0.0,0.311759,0.262805,0.0,65.5442,0.0,0.824487,5.07317,219,e3
3.12819,0.0,0.0,0.257754,0.0,82.8343,0.0,0.681206,0.125529,220,e3
1.25511,0.0,0.602283,0.0716,0.0,87.4742,0.0,2.66605,0.0421177,221,e3
0.265497,0.0,0.536766,0.334757,0.0,72.8731,0.0,1.63916,0.490592,222,e3
0.334703,0.0,0.317315,0.0456413,0.0,62.209,0.0,8.21977,0.0,223,e3
0.306442,0.0133236,1.7787,0.0,0.0,63.6333,0.0,3.55073,0.41303,224,e3
3.10872,0.0,0.0724563,0.0,0.0,70.7346,0.0,0.577925,0.0,225,e3
1.11402,0.0,2.14486,0.0506375,0.0,68.1165,0.0,3.00389,0.14287,226,e3
1.15632,0.0,0.0,0.0,0.0,73.0055,0.0,2.76017,0.0,227,e3
2.92443,0.0,0.0,0.0282449,0.0325903,80.2177,0.0,5.08191,0.104289,228,e3
1.14475,0.0,0.0,0.0,0.0,86.2941,0.0,2.00331,0.272395,229,e3
0.292709,0.0,1.2616,0.0748792,0.0,71.5187,0.0,2.1125,0.0930317,231,e3
1.09416,0.0,0.104422,0.0,0.49487,97.8253,0.0,0.254245,0.163443,232,e3
0.649199,0.0,0.0,0.0,0.0,96.1422,0.0,3.04516,0.163467,233,e3
1.06908,0.0,0.0304622,0.166817,0.0,69.4145,0.0,2.47469,0.303171,234,e3
1.75611,0.0,0.0,0.0532154,0.00614024,67.687,0.0,1.02133,0.00818699,235,e3
4.12161,0.0,0.0,0.161274,0.0,81.1996,0.0,3.7584,0.0154263,236,e3
1.462,0.0,0.433952,0.0,0.0206644,46.9753,0.0,1.56016,0.185979,237,e3
0.379743,0.0,0.0,0.0478302,0.0,68.5074,0.0,2.26831,0.113053,238,e3
26.725,0.0,0.0,0.0,0.0,71.5357,0.0,0.0622852,0.0876606,239,e3
0.353774,0.0,0.330189,0.0,0.0,94.0566,0.0,5.25943,0.0,241,e3
0.0,0.0,0.41841,0.0,0.0,98.5879,0.0,0.993724,0.0,242,e3
0.611666,0.0,0.332746,0.0,0.0,98.9381,0.0,0.0,0.0,243,e3
1.39565,0.0,0.0926569,0.0,0.0,96.9076,0.0,1.60412,0.0,244,e3
0.489792,0.00727414,4.4251,0.0,0.227923,91.8748,0.0,1.60758,0.438873,245,e3
2.57166,0.0,0.742561,0.0,0.0,96.4292,0.0,0.24024,0.0,246,e3
1.2172,0.0,0.145056,0.0,0.0,98.4675,0.0,0.0,0.157669,247,e3
3.61201,0.0,0.0,0.0,0.060131,95.0278,0.0,0.904039,0.296508,249,e3
1.07777,0.0,0.0,0.0,0.0,98.4576,0.0,0.0,0.0,250,e3
1.55375,0.0,0.37444,0.0,0.223964,97.05,0.0,0.68589,0.111982,251,e3
0.197873,0.0,0.0,0.0,0.0,99.7073,0.0,0.0,0.0948141,252,e3
2.03998,0.0,0.0,0.0,0.0,97.8289,0.0,0.0,0.0,253,e3
0.0,0.0,0.638806,0.0,0.0,96.2269,0.0,2.77612,0.358209,254,e3
0.102091,0.0,0.0,0.0,0.0,98.1763,0.0,1.53368,0.0,255,e3
0.192539,0.0,0.0,0.0,0.0,99.3382,0.0,0.413157,0.0,256,e3
0.617975,0.0,0.531692,0.0,0.0,95.8234,0.0,2.9826,0.0443076,259,e3
1.13767,0.0,0.0,0.0,0.0,98.8623,0.0,0.0,0.0,260,e3
12.3784,0.0,0.0,0.0,0.0,75.3676,0.0,4.47366,7.63246,262,e3
0.715255,0.0,0.49424,0.0,0.0,94.3667,0.0,4.3594,0.0504681,263,e3
1.73149,0.0,0.0,0.0,0.186468,93.9931,0.0,2.59723,1.29196,264,e3
0.107453,0.0,1.95858,0.0,0.0,95.8582,0.0,1.97812,0.0,265,e3
0.342991,0.0,0.0,0.0,0.0,98.3482,0.0,0.920661,0.0992869,266,e3
